name,species,gender,homeworld,occupation,affiliation,forces_way
224,Droid,Masculine programming,Unknown,Commander,Separatists,
2B0T,Droid,Masculine programming,Unknown,PolicePolice Droid,,
4-A7,Droid,Masculine programming,Unknown,,Confederacy of Independent Systems,
4A-2R,,,,,,
99,Human (Clone),Male,Kamino,Kamino maintenance duty,Galactic Republic,
Aang,Roonan,Male,,Senator,Galactic RepublicGalactic SenateMilitary Oversight Committee,
Able-472,Human,Male,Kamino,Clone Trooper,Republic,
Gial Ackbar,Mon Calamari,Male,Dac,Captain,Mon CalaRepublic,
Car Affa,Weequay,Male,Sriluur,Illegal Arms Dealer,CIS,
Agruss,Zygerrian,Male,Zygerria,Keeper of Zygerrian Labor Processing Hub,Zygerrian Slave EmpireZygerrian Slavers GuildConfederacy of Independent Systems,
Ahmar,,Male,,Jedi (formerly),Jedi OrderGalactic EmpireInquisitorius,
Akar-Deshu,Mahran,Male,,Jedi Knight,Jedi OrderGalactic Republic,
Shahan Alama,Weequay,Male,Sriluur,Bounty HunterPirate (formerly),Cad BaneHimself,
Stass Allie,Tholothian,Female,Tholoth,Jedi MasterJedi General,Jedi Order,
Almec,Human,Male,Mandalore,Prime Minister,New Mandalorians (formerly)Shadow Collective,
Mas Amedda,Chagrian,Male,Champala,PoliticianVice Chair of the Senate of the Galactic Republic (formerly)Grand Vizier of the Ruling Council of the Galactic Empire,Galactic Republic (formerly)Galactic Senate (formerly)Galactic EmpireImperial SenateImperial Ruling Council,
Padmé Amidala,Human (Naboo),Female,Naboo,Queen of Naboo (formerly)Politician (formerly)Senator (formerly),Royal House of NabooGalactic Republic (formerly)Galactic EmpireImperial Senate (formerly),
Amis,Human,Male,Mandalore,Student,New Mandalorians,
Anchor Blue,Houk,Male,Lijuter,Gladiator,The Cauldron,
Anger,,Female,Wellspring of Life,Priestess,Five Priestesses,
Appo,Human (Clone),Male,Kamino,Clone sergeantClone Commander (Promoted),Galactic Republic501st Legion,
Aramis,Human,Male,Mandalore,,Satine Kryze,
Faro Argyus,Human,Male,Tepasi,CaptainSpy,RepublicSenate CommandoSeparatists,
Arin,Duros,Female,,Crininal (formerly),,
Armatan,Human,Male,Mandalore,Minister of the InteriorPrime Minister (formerly),New Mandalorians,
Arok the Hutt,Hutt,Male,A-Foroon,Member of the Hutt Grand Council,Hutt ClanHutt Grand Council,
Ashu-Nyamal,Mahran,Female,Mahranee,,Ashu,
Voe Atell,Unknown,Female,,Senator,Corporate Alliance SeparatistsSeparatist CongressWar Faction,
Attie,Human (Clone),Male,Kamino,Clone trooper,RepublicGAR501stTorrent Company,
Aut-O,Super Tactical Droid,Masculine Programming,Baktoid Prime,Commander,CIS,
Avi Singh,Human,Male,Raxus,Senator,"Confederacy of Independent SystemsSeparatist CongressGalactic Empire (Briefly, reluctantly)",
Axe,Human (Clone),Male,Kamino,Flight Leader,Republic,
Ayar,Human (Clone),Male,Kamino,Clone Trooper,RepublicGrand Army of the Republic501st LegionTorrent Company,
AZI-3,Droid,Masculine programming,,Medical Droid,Galactic RepublicGalactic EmpireClone Force 99,
Babwa Venomor,Trandoshan,Male,,,Galactic Empire,
Bacara,Human (Clone),Male,Kamino,Commander,Galactic RepublicGrand Army of the Republic,
Cad Bane,Duros,Male,Duro,Bounty Hunter,LazloHutt Clan (as a mercenary)Confederacy of Independent Systems (as a mercenary)Kaminoans (as a mercenary)Galactic Empire (as a mercenary),
Darth Bane,Human,Male,Apatros,Sith Lord,Order of the Sith Lords,
Bannamu,Patrolian,Male,,,,
Trella Bare'Ah,Twi'lek,Female,Tatooine,Dancer,Jabba the Hutt Greedo,
Daakman Barrek,Human,Male,Mrlsst,Jedi Master,Jedi OrderRepublic,
Barton Coburn,Human,Male,Commenor,Admiral,Galactic RepublicRepublic NavyGalactic Empire,
Batcher,Lurca hound,Female,Wayland,,Galactic Empire (Formerly)Omega,
Battle droid 513,,,,,,
Kav Bayons,Chagrian,Male,Unknown,Jedi Knight,Jedi Order Galactic Republic,
Bayrn,Tarlafar,Male,,Test Subject,Galactic Empire (unwillingly),
Bel,Human (Clone),Male,Kamino,Clone Trooper,Grand Army of the Republic,
Benni Baro,Human,Male,,Miner,Mokko (formerly),
Gardulla Besadii the Elder,Hutt,Hermaphrodite (feminine personality),Nal Hutta,Crime lord,Besadii kajidicHutt ClanHutt Grand Council,
Bib Fortuna,Twi'lek,Male,Ryloth,,JabbaCid,
Sio Bibble,Human (Naboo),Male,Naboo,Governor,Galactic Republic,
Depa Billaba,Human (Chalactan),Female,Chalacta,Jedi MasterHigh Jedi General,Jedi OrderJedi High CouncilGalactic RepublicGAR,
Jar Jar Binks,Gungan,Male,Naboo,PoliticianJunior RepresentativeMilitary commander,Gungan High CouncilGalactic Republic (formerly)Galactic EmpireImperial Senate,
Blackout,Human (Clone),Male,Kamino,Clone Commander,Republic,
Otua Blank,Belugan,Male,Quarzite,Ruler of Quarzite (self-proclaimed; to only the belugans)Dictator,,
Blitz,Human (Clone),Male,Kamino,ARC Trooper Commander,Galactic RepublicRancor Battalion,
Block,,Male,,Admiral,Galactic Republic,
Torul Blom,Pau'an,Male,Utapau,Govenor,Separatists,
Blorga,Gamorrean,Male,,Gladiator,The Cauldron,
Blue,,,,,Sheb Valaad,
Blue Leader (Muunilinst),Human (Clone),Male,Kamino,Squadron Leader,Galactic RepublicRepublic NavyBlue Squadron,
By Bluss,Leyakian,Male,,Senator,SeparatistsSeparatist CongressPeace Faction,
Bly,Human (Clone),Male,Kamino,Commander,Galactic Republic327th Star Corps,
BNI-393,,Feminine programming,,Servant,Galactic RepublicD-Squad,
BNI-393's master,,Male,,Crewman,Galactic Republic,
Bogey,,,,,,
Boil,Human (Clone),Male,Kamino,UnknownDesert Trooper,Galactic Republic212th Attack BattalionGhost Company,
Sionver Boll,Bivall,Female,Protobranch,Scientist,Galactic Republic,
Bolo,Ithorian,Male,,,,
Lux Bonteri,Human (Onderonian),Male,Onderon,SenatorFreedom fighter,Royal Court of OnderonRoyal Onderon MilitiaSeparatists (formerly)Separatist Congress (formerly)Death Watch (briefly; formerly)Onderon RebelsGalactic RepublicGalactic Senate,
Mina Bonteri,Human (Onderonian),Female,Onderon,Senator,Royal Court of OnderonGalactic Republic (formerly)Galactic Senate (formerly)SeparatistsSeparatist CongressPeace Faction,
Boomer,Human (Clone),Male,Kamino,SergeantARF Trooper,Galactic Republic501st Legion,
Tae Boon,Twi'lek,Male,Ryloth,Second-in-Command,Twi'lek freedom fighters,
Boost,Human (Clone),Male,Kamino,Clone Trooper,Galactic RepublicGrand Army of the Republic104th BattalionWolfpack,
Borkus,Sullustan,Male,Abafar,Diner owner,Power Sliders,
Bosco Brix,Nikto,Male,,Racer,,
Boss,Human (Clone),Male,Kamino,Clone Commando Squad Leader,Galactic Republic Delta Squad,
Bossk,Trandoshan,Male,Trandosha,Bounty Hunter,Krayt's Claw,
Peppi Bow,Gungan,Female,Naboo,Shaak herder,Republic,
Jackar Bowmani,Abyssin,Male,,Maintenance Worker,Jedi Order,
Bragg,Human,Female,,Captain,Galactic Empire,
Brander Lawson,Human,Male,Janix,Police detective,,
Breaker,,,,,,
Breaker (Captain),Human (Clone),Male,Kamino,Captain,Galactic RepublicGrand Army of the Republic,
Breha Organa,Human (Alderaanian),Female,Alderaan,Queen of Alderaan,Elder HousesHouse of OrganaAlderaanian monarchyBail Organa's resistance movement,
Bric,Siniteen,Male,Mileva,Bounty HunterChief Officer,Republic,
Broadside,Human (Clone),Male,Kamino,Pilot,Republic Army,
BU-11,,,,,,
Bugnaught,,,,,,
Bulduga,Ithorian,Male,Ithor,Bounty Hunter,CIS (Hired),
Sora Bulq,Weequay,Male,Sriluur and Ruul,Jedi MasterDark Acolyte,Jedi OrderRepublic,
Halle Burtoni,Kaminoan,Female,Kamino,Senator,Galactic RepublicGalactic Senate,
Buzz,Human (Clone),Male,Kamino,Clone Trooper,Galactic Republic41st Elite Corps,
Byph,Ithorian,Male,Ithor,Jedi Youngling,Jedi OrderRepublic,
C-069,Droid,Male Programing,Coruscant,Senator SecretaryAssistant,Mee DeechiRepublic,
C-21 Highsinger,Droid,Masculine programming,Unknown,Bounty HunterCombat/Assassin Droid,Boba Fett's Syndicate,
C-3PO,,Masculine programming,Tatooine,"Translator, aide, servant",Anakin Skywalker (formerly)Royal House of Naboo (formerly)Padmé Amidala (formerly)Galactic Republic (formerly)House of OrganaGalactic Empire,
C1-10P,,,,,Galactic Republic (formerly)Hera Syndulla,
Cade,Human (Clone),Male,Kamino,Clone Trooper,Galactic RepublicGrand Army of the RepublicGalactic EmpireImperial Army,
Cameron,Human (Clone),Male,Kamino,Clone troopers,Republic,
Sib Canay,Neimoidian,Male,Cato Neimoidia,Officer,Trade FederationSeparatists,
Nix Card,Muun,Male,Scipio,Executive and senator of the InterGalactic Banking Clan,InterGalactic Banking ClanGalactic RepublicGalactic SenateConfederacy of Independent Systems,
Cards,Human (Clone),Male,Kamino,ARC trooper Commander,Galactic Republic,
Carl,Shikitari,Male,Shikitari,Gladiator,The Cauldron,
Carshotta,Togruta,Female,Florrum,Performer,Preigo's Traveling World of Wonder,
Casiss,Felucian,Male,Felucia,Farming leader,Akira,
Castas,Klatooinian,Male,Klatooine,Bounty hunter,,
Cauldron wampa,Wampa,,,Gladiator,The Cauldron,
CC-1226,Human (Clone),Male,Kamino,,Galactic EmpireImperial Army,
CG-67,,Female,Pantora,,Clink225DK-3,
CH-33P,,,,,Galactic RepublicJedi OrderAhsoka Tano,
Charger,Human (Clone),Male,Kamino,Clone Trooper,Galactic Republic501st LegionTorrent Company,
Che Amanwe Papanoida,Pantoran,Female,Pantora,,Pantoran AssemblyGalactic Republic,
Chewbacca,Wookiee,Male,Kashyyyk,Wookiee Soldier,Galactic Republic,
Chi Cho,Pantoran,Male,Pantora,Chairman,Pantoran AssemblyGalactic Republic,
Chong,Sugi,Male,Utapau,Arms dealer,Confederacy of Independent Systems,
Chopper,Human (Clone),Male,Kamino,Clone Trooper,Galactic RepublicSlick's platoon,
Chrin,Human (Naboo),Male,Naboo,Officer,Royal House of NabooRoyal Naboo Security Forces,
Christo,Quarren,Male,Dac,Senator,Galactic RepublicGalactic Senate,
Chubor,Aleena,Male,,Jedi General,Jedi Order,
Riyo Chuchi,Pantoran,Female,Pantora,Senator,Galactic RepublicGalactic SenatePantoran Assembly,
Ciddarin Scaleback,Trandoshan,Female,,,Jedi Order (formerly)Cid's Parlor,
Clone X,Human (Clone),Male,Kamino,Clone Assassin,Galactic Empire,
Rush Clovis,Human,Male,Scipio,Senator,IGBCRepublicGalactic Senate (formerly)Separatists,
Cody,Human (Clone),Male,Kamino,Clone Marshal Commander,Galactic Republic212th Attack BattalionGhost CompanyGalactic EmpireImperial Army,
Colt,Human (Clone),Male,Kamino,ARC Trooper Commander,Galactic RepublicRancor Battalion,
Comet,Human (Clone),Male,Kamino,Corporal,Galactic RepublicGrand Army of the RepublicWolfpack,
Confusion,,Female,Wellspring of Life,Priestess,Five Priestesses,
Cooker,Human (Clone),Male,Kamino,Clone trooper,Galactic RepublicGreen Company,
Coric,Human (Clone),Male,Kamino,Sergeant,Galactic Republic501st LegionTorrent Company,
Roron Corobb,Ithorian,Male,Ithor,Jedi Master,Galactic RepublicJedi Order,
Cort,Human,Female,,,,
Crockagor,,Male,,Gladiator,Count Dooku,
Crosshair,Human (clone),Male,Kamino,Clone CommandoCommander (formerly),Galactic RepublicClone Force 99Galactic Empire (formerly)Imperial Army (formerly),
Cassie Cryar,Terrelian Jango Jumper,Female,Terrelia,CriminalThief,,
Crys,Human (Clone),Male,Kamino,Clone trooper,Galactic Republic 212th Attack Battalion,
CS-321,Protocol Droid,Masculine programming,Unknown,Droid,Unknown (captured by pirates),
CT-1477,Human (Clone),Male,Kamino,Clone trooper,Galactic RepublicGrand Army of the Republic,
CT-327,Human (Clone),Male,Kamino,Clone trooper,RepublicGrand Army of the Republic,
CT-43/002,Human (Clone),Male,Kamino,Clone trooper,Galactic RepublicGrand Army of the Republic,
CT-8508,Human (clone),Male,Kamino,,Galactic EmpireImperial Army,
Cutup,Human (Clone),Male,Kamino,Clone Trooper,Galactic RepublicDomino Squad (former),
CX-1,Human (Clone),Male,Kamino,Clone X Trooper,Galactic Empire,
CX-2,Human (Clone),Male,Kamino,Clone X Trooper,Galactic Empire,
Darts D'Nar,Zygerrian,Male,Zygerria,CommanderSlaver,Zygerrian Slave EmpireConfederacy of Independent Systems,
D-0T,Protocol Droid,Masculine Programming,Coruscant,Power control worker,Galactic Senate,
Daka,Zabrak (Dathomirian),Female,Dathomir,Witch,Nightsisters,
Dante,Caphex,Male,,Jedi (formerly),Jedi OrderGalactic EmpireInquisitorius,
Dao,Human,Male,,Admiral,Galactic RepublicRepublic Navy,
Dar,Trandoshan,Male,Trandosha,Hunter,Hunting Guild,
Oro Dassyne,Koorivar,Male,Murkhana,General,Confederacy of Independent Systems,
Daughter,Force wielder,Female,Unknown planet (originally)Mortis (Adopted),Incarnation of the Light Side of the Force,The OnesFatherSon,
Death Watch Bomber,Human,Male,Concordia,Bomber,Death WatchSeparatists (indirectly),
Mee Deechi,Umbaran,Male,Umbara,Senator,Galactic RepublicGalactic Senate,
Ran Deezy,Unidentified,Male,Unknown,Jedi Youngling,JediRepublic,
Deke,Human (Clone),Male,Kamino,Clone Cadet,Galactic RepublicGrand Army of the RepublicGalactic Empire (Formerly),
Del,Human (Clone),Male,Kamino,Clone Trooper,Grand Army of the Republic,
Denal,Human (Clone),Male,Kamino,Clone Trooper,Galactic Republic,
Ramsis Dendup,Human (Onderonian),Male,Onderon,King of OnderonFreedom fighter (briefly),Royal Court of OnderonOnderon RebelsGalactic Republic,
Dengar,Human (Corellian),Male,Correlia,Bounty Hunter,Boba Fett's Syndicate,
Derrown,Parwan,Male,Parwa,Bounty hunter,CIS (Hired),
Gorga Desilijic Aarrpo,Hutt,Hermaphrodite (masculine personality),Nal Hutta,Crime lord,Desilijic kajidicHutt ClanHutt Grand Council,
Jabba Desilijic Tiure,Hutt,Male,Nal Hutta,Crime lordGangsterLeader of the Hutt Grand Council (along with Marlo),Desilijic kajidicHutt ClanHutt Grand CouncilGalactic Republic (formerly)Shadow Collective (briefly; formerly)Galactic Empire,
Ziro Desilijic Tiure,Hutt,Hermaphrodite (masculine personality),Sleheyron,Crime lord,Desilijic kajidicHutt ClanSeparatists (briefly)Black Sun,
Devon Izara,Twi'lek,Female,,,Jedi Order,
Albee Dewaw,,Male,Balnab,Dictator,Pit Droids,
Jan Dez,Twi'lek,Male,Coruscant,"Noodle shop owner, black market dealer",Underworld of Coruscant,
Ima-Gun Di,Nikto (Kajain'sa'Nikto),Male,Kintan,Jedi GeneralJedi Master,Galactic RepublicJedi Order,
Dilanni,Felucian,Male,Felucia,Farmer,Akira,
Tan Divo,Human (Coruscanti),Male,Coruscant,Police lieutenant & inspector,Galactic RepublicCoruscant Security Force,
Fong Do,Nautolan,Male,Coruscant,Criminal,Criminal Underworld,
Lott Dod,Neimoidian,Male,Cato Neimoidia,Senator,Trade FederationGalactic RepublicGalactic SenateSeparatists (secretly),
Dogma,Human (Clone),Male,Kamino,Clone Trooper,Galactic Republic501st Legion,
Grunda Dolma,Ualaq Aqualish,Female,,Gladiator,The Cauldron,
Dono,Human (Onderonian),Female,Onderon,SoldierFreedom fighter,Onderon Rebels,
Dooku,Human (Serennian),Male,Serenno,Jedi Padawan of Yoda (formerly)Jedi Master of Rael Averross (formerly)Jedi Master of Qui-Gon Jinn (formerly)Sith Lord and Apprentice of Darth Sidious (formerly)Count of Serenno (formerly)Founder and Head of State of the Confederacy of Independent Systems (formerly),House SerennoJedi Order (formerly)Galactic Republic (formerly)Sith OrderConfederacy of Independent Systems,
Doom,Human (Clone),Male,Kamino,Clone Commander,Galactic RepublicGrand Army of the RepublicDoom's unit,
Draa,Human (Clone),Male,Kamino,(Corporal),Galactic Republic41st Elite Corps,
Cin Drallig,Human,Male,Lavisar,Jedi Master,Jedi Order,
Droidbait,Human (Clone),Male,Kamino,Clone Trooper,Galactic RepublicDomino Squad (former),
Droogan,Khramboan,Male,Coruscant,Salesman,Himself,
Caleb Dume,Human (Coruscanti),Male,Coruscant,Jedi Padawan,Jedi OrderGalactic Republic,
Mahtee Dunn,Rodian,Female,Rodia,Mother,Kay-Tap square,
Wee Dunn,Rodian,Male,Rodia,Youngling,His mother,
Lok Durd,Neimoidian,Male,Cato Neimoidia,General,Separatists,
Durge,Gen'Dai,Male,,Commander,HimselfSeparatists,
Ebor,,,,,,
Echo,Human (Clone) (enhanced with many cybernetic implants),Male,Kamino,ARC Trooper Corporal,Galactic RepublicGrand Army of the RepublicDomino Squad (formerly)501st Legion (formerly)Clone Force 99Confederacy of Independent Systems (unwillingly)Techno Union (unwillingly)Galactic Empire (briefly)Clone Underground,
Edge,Human (Clone),Male,Kamino,Clone trooper,Galactic RepublicGrand Army of the RepublicTango Company,
Edmon Rampart,Human,Male,,Vice Admiral,Galactic EmpireImperial Navy,
Eenta,Human,Male,,,,
El-Les,Arcona,Male,Cona,Bounty HunterTrainer,Republic,
Eleni Syndulla,Twi’lek,Female,Ryloth,,Twi’lek Resistance,
Eleventh Brother,,Male,,Inquisitor,Galactic EmpireInquisitorius,
Embo,Kyuzo,Male,Phatrong,Bounty Hunter,Hutt ClanCIS (Hired),
Emerie Karr,Human (Clone),Female,,DoctorChief Scientist (promoted),Galactic Empire,
Endente,Sugi,Male,Utapau,Arms dealer,Confederacy of Independent Systems,
Engle,Human (Clone),Male,Kamino,Clone trooper pilot,Galactic RepublicGrand Army of the Republic,
Ord Enisence,Skrilling,Male,Agriworld-2079,Jedi General,Jedi OrderRepublic,
Ennodius,Umbaran,Male,Umbara,General,Umbaran Militia/Confederacy of Independent Systems,
Finn Ertay,Twi'lek,Female,Ryloth,Jedi Knight,Jedi OrderRepublic,
ES-01,Human,Male,,,Galactic EmpireCrosshair's squad,
ES-02,Human,Female,,,Galactic EmpireCrosshair's squad,
ES-03,Human,Male,,,Galactic EmpireCrosshair's squad,
ES-04,Human,Female,,,Galactic EmpireCrosshair's squad,
EV-A4-D,EV-series Interrogator Droid,Masculine Programming,Tauber,Medical Droid,Separatists,
Eva,Iktotchi,Female,,Test Subject,Galactic Empire (unwillingly),
Moralo Eval,Phindian,Male,Phindar,Criminal MastermindBounty Hunter,Separatists,
Turk Falso,Weequay,Male,Florrum,Pirate,Ohnaka Gang,
Onaconda Farr,Rodian,Male,Rodia,Senator,Galactic RepublicGalactic SenateCouncil of Neutral SystemsSeparatists (briefly),
Farr-Nees,Umbaran,Male,Umbara,General,Umbaran Militia/Confederacy of Independent Systems,
Father,Force wielder,Male,Unknown planet (originally)Mortis (adopted),Patriarch of the OnesIncarnation of the balance between the Light Side & the Dark Side of the Force,The OnesDaughterSon,
Fauja,Aleena,Female,Saleucami,,,
Feral,Zabrak (Dathomirian),Male,Dathomir,,Nightbrothers,
Boba Fett,Human (Clone),Male,Kamino,Bounty Hunter,SeparatistsKrayt's ClawGalactic Empire (as a mercenary),
Jango Fett,Human,Male,Concord Dawn,Bounty Hunter,MandaloriansGalactic RepublicConfederacy of Independent Systems,
Fife,Pyke,Male,Oba Diah,Majordomo,Shadow Collective (Formerly)Pyke Syndicate,
Fil,Human (Clone),Male,Kamino,Commander,Galactic Republic,
Fireball,Human (Clone),Male,Kamino,Clone Trooper,Galactic RepublicGrand Army of the RepublicClone Underground,
Kit Fisto,Nautolan,Male,Glee Anselm,Jedi MasterHigh Jedi General,Jedi OrderJedi High CouncilGalactic RepublicGAR,
Fives,Human (Clone),Male,Kamino,ARC Trooper,Galactic RepublicGAR501st LegionDomino Squad (formerly),
Fixer,Human (Clone),Male,Kamino,Clone commando,Galactic RepublicDelta Squad,
Flak (Clone Trooper),Human (Clone),Male,Kamino,Clone trooper,Republic,
Flalios,Human,Male,,Gladiator,The Cauldron,
Flash,Human (Clone),Male,Kamino,Clone trooper,Galactic RepublicGrand Army of the Republic327th Star Corps,
Flash Raktor,Protocol Droid,Masculine programming,,Racer,,
Dagu Flask,Weequay,Male,Unknown,Sniper,Ohnaka Gang,
Amita Fonti,Gossam,Female,,Senator,SeparatistsSeparatist CongressPeace Faction,
Fordo,Human (Clone),Male,Kamino,ARC Trooper Captain,ARC TroopersGalactic Republic,
Fourth Sister,Nogratu,Female,,Inquisitor,Jedi Order (formerly)Galactic EmpireInquisitorius (formerly),
Fox,Human (Clone),Male,Kamino,Commander,Galactic RepublicCoruscant Guard,
Fury,Human (Clone),Male,Kamino,Clone trooper sergeant,Galactic Republic,
Adi Gallia,Tholothian,Female,Coruscant,Jedi MasterJedi High General,Jedi OrderGalactic Republic,
Ganodi,Rodian,Female,Rodia,Jedi Youngling,Jedi OrderRepublic,
Gantika,Togruta,Female,Shili,,,
Garnac,Trandoshan,Male,Trandosha,Hunting Leader,Hunting Guild,
Garri,Toydarian,Male,Utapau,Building Owner,None,
Meebur Gascon,Zilkin,Male,Great Zilk,Colonel,Galactic RepublicGrand Army of the RepublicD-Squad,
Gearshift,Human (Clone),Male,Kamino,Unknown,RepublicGAR7th Sky Corps212th,
Ged,Human (Clone),Male,Kamino,Clone trooper,GAR501stTorrent Company,
Saw Gerrera,Human (Onderonian),Male,Onderon,Leader of the Onderon RebelsCo-leader of the Onderon Rebels (formerly)SoldierFreedom fighter,Onderon RebelsGalactic RepublicRoyal Court of OnderonRoyal Onderon Militia,
Steela Gerrera,Human (Onderonian),Female,Onderon,Leader of the Onderon Rebels & the Royal Onderon Militia (formerly)GeneralSoldierFreedom fighter,Onderon RebelsGalactic RepublicRoyal Court of OnderonRoyal Onderon Militia,
Sha'a Gi,Human,Male,Ord Biniir,Jedi Padawan,Jedi Order,
Giant Flog,,Male,,Gladiator,KesivoThe Cauldron,
Gilad Pellaeon,Human,Male,,Captain,Galactic EmpireImperial Navy,
Gilas,Trandoshan,Male,,,Garnac's hunting guild,
GL-916,,,,,,
Gladiator (Rattatak),,Male,,Gladiator,The Cauldron,
Gobi Glie,Twi'lek,Male,Ryloth,Freedom fighter,Twi'lek Resistance,
Goji,Human (Clone),Male,Kamino,Clone pilot,Galactic RepublicGrand Army of the RepublicRed Squadron,
Gold Leader,Human (Clone),Male,Kamino,Squadron Leader,Galactic RepublicRepublic NavyGold Squadron,
Gold Leader (Anaxes),Human (Clone),Male,Kamino,Squadron Leader,Galactic RepublicRepublic NavyGold Squadron,
Gold Six,Human (Clone),Male,Kamino,Clone Trooper Pilot,Grand Army of the Republic/Gold Squadron,
Gold Two,Human (Clone),Male,Kamino,Clone Trooper PilotSquadron Leader (post Gold Leader's death),Galactic RepublicRepublic NavyGold Squadron,
Davu Golec,Human,Male,Mandalore,,New MandaloriansGalactic RepublicRepublic Ministry of Intelligence,
Gonky,Droid,,Kamino,Power Droid,Clone Force 99,
Gor,Roggwart,Male,Guiteica,Guard/Pet,General Grievous,
Goru,Weequay,Male,Florrum,Pirate Lieutenant,Ohnaka GangDarth Maul (temporarily),
Gray,Human,Male,,Captain,New Mandalorians,
Gree,Human (Clone),Male,Kamino,Clone Senior Commander,Galactic Republic41st Elite Corps,
Greedo,Rodian,Male,Tatooine,Bounty Hunter,Trade Federation,
Green Leader,Human (Clone),Male,Kamino,Clone trooper,Galactic Republic41st Elite CorpsGreen Company,
Greer,Human (Clone),Male,Kamino,Clone Trooper,Galactic RepublicGrand Army of the RepublicClone Underground,
Gregor,Human (Clone),Male,Kamino,Clone Commando Captain,Galactic RepublicGrand Army of the Republic212th Attack BattalionFoxtrot GroupPower Sliders (formerly)Galactic Empire (formerly)Imperial Army (formerly)Clone Underground,
Grey,Human (Clone),Male,Kamino,Clone Captain,Galactic RepublicGrand Army of the Republic,
Grievous,Kaleesh (Cyborg),Male,Kalee,Warlord (formerly)General (formerly)Supreme Commander of the Droid Army and the Confederate Navy (formerly)Head of state of the Confederacy of Independent Systems (formerly),Confederacy of Independent Systems,
Grini Millegi,,,,,,
Grizzer,Massiff,Male,Unknown,Unknown,Galactic Republic,
Grotton,,,,,,
Xomit Grunseit,Falleen,Male,,Crime Lord,Black Sun,
GS-8,,Feminine programming,,,Confederacy of Independent SystemsSeparatist Congress,
Gubacher,Parwan,Male,Parwa,Doctor / Droid expert,Galactic Republic,
Gungi,Wookiee,Male,Kashyyyk,Jedi Youngling,Jedi OrderGalactic Republic,
Nute Gunray,Neimoidian,Male,Neimoidia,Viceroy of the Trade FederationChairman of the Separatist Council,Trade FederationSith (reluctantly)Confederacy of Independent SystemsSeparatist Council,
Gupat Roshti,Togruta,Male,Kiros,Governor of Kiros,Artisan colony,
Gus,Human (Clone),Male,Kamino,Clone Trooper,Galactic RepublicSlick's platoon,
Gwarm,Weequay,Male,Florrum,Pirate,Ohnaka Gang,
Hal'Sted,Siniteen,Male,Rattatak,Pirate/Criminal,,
Halsey,Roonan,Male,Roona,Jedi KnightJedi General,Jedi OrderRepublic,
Hammer,Human (Clone),Male,Kamino,ARC Trooper,Galactic RepublicRancor Battalion,
Hardcase,Human (Clone),Male,Kamino,Clone trooper,Grand Army of the Republic501st Legion,
Rako Hardeen,Human,Male,Concord Dawn,Bounty Hunter,Marvasa's Marauders (formerly),
Harvos,Nelvaanian,Male,Nelvaan,Scout,Rokrul village,
Havoc,Human (Clone),Male,Kamino,Clone trooper,Galactic RepublicGrand Army of the RepublicTango Company,
Havoc (ARC Trooper),Human (Clone),Male,Kamino,ARC TrooperCommander,Galactic RepublicRancor Battalion,
Hawk,Human (Clone),Male,Kamino,Clone Lieutenant,Grand Army of the RepublicGalactic Republic501st LegionTorrent Company,
Hawkeye,Human (Clone),Male,Kamino,Clone trooper,Galactic RepublicGrand Army of the Republic,
Haxxon Trajanix,BX-Series Droid Commando,Masculine programming,,Racer,,
Hay-Zu,Patitite,Male,Patitite Pattuna,Dictator,Himself,
HELIOS-3D,IG-86 Sentinel Droid,Masculine programming,Holowan,Bounty HunterAssassin droid,Ziro Desilijic TiureCad Bane,
HELIOS-3E,IG-86 Sentinel Droid,Masculine programming,Holowan,Assassin droid,Cad Bane,
Henchman,,Male,Rattatak,Guide,The Cauldron,
Hera Syndulla,Twi'lek,Female,Ryloth,,,
Hevy,Human (Clone),Male,Kamino,Clone Trooper,Galactic RepublicGARDomino Squad (formerly),
Hexx,Human (Clone),Male,Kamino,Clone Trooper,Galactic EmpireImperial Army,
Hez,Human (Clone),Male,Kamino,Clone trooper,Grand Army of the Republic501st LegionTorrent Company,
Utonk Hid,Aqualish,Male,Unknown,Criminal,Unknown,
San Hill,Muun,Male,Scipio,Chairman of the InterGalactic Banking Clan,InterGalactic Banking ClanConfederacy of Independent SystemsSeparatist Council,
Hilo,Human (Clone),Male,Kamino,Clone CommandoLieutenant,Galactic EmpireImperial Army,
Holmes,Human,Male,,Lieutenant,Galactic Empire,
Jaybo Hood,Human,Male,Iego,None,Himself,
Hound,Human,Male,Kamino,Sergeant,Galactic Republic,
Howzer,Human (Clone),Male,,Clone Captain,Galactic RepublicGrand Army of the RepublicGalactic Empire (formerly)Imperial Army (formerly),
Hunter,Human (Clone),Male,Kamino,Clone Commando Sergeant,Galactic RepublicClone Force 99,
Hurst Romodi,Human,Male,Virujansi,General,Galactic RepublicGrand Army of the RepublicGalactic EmpireImperial ArmyImperial High Command,
Hutch,Human (Onderonian),Male,Onderon,Soldier Freedom fighter,Onderon Rebels,
Huyang,,Masculine programming,,Lightsaber expert,Jedi Order,
Chata Hyoki,Selkath,Male,Unknown,Bounty hunter,Bounty hunter,
Jay Igno,Nimbanel,Male,,Taxi Driver,Customers,
Isa Durand,Devaronian,Female,,,Durand crime familyDurand's Council,
Isaac,Duros,Male,,,,
Isdain,Human,Male,,Moff,Galactic EmpireImperial Military,
J0-N0,Droid,Masculine programming,,Smelter droid (formerly)Torture droid,Cad Bane,
Jaccoba,Wookiee,Male,Kashyyyk,None,Galactic Republic,
Jakker-Sun,Ithorian,Male,Ithor,Senator,Galactic Republic Galactic Senate,
Jakoli,Rodian,Male,Rodia,Bounty hunter,CIS (Hired),
Jax,Human (Clone),Male,Kamino,Clone Cadet,Galactic RepublicClone Youth Brigade,
Jax (Test Subject),Mirialan,Male,,Test Subject,Galactic Empire (unwillingly),
Jayfon,Human,Male,Coruscant,Captain,RepublicSenate Commando,
Jek,Human (Clone),Male,Kamino,Captain,Galactic RepublicCoruscant GuardRanger Corps,
Jerec,Human,Male,Mandalore,Deputy Minister,New Mandalorians,
Jesse,Human (Clone),Male,Kamino,ARC Trooper Lieutenant,Republic501stTorrent Company332nd Company,
Jester,Human (Clone),Male,Kamino,Clone trooper,Grand Army of the RepublicSlick's Platoon,
Jet,Human (Clone),Male,Kamino,Commander,Galactic RepublicSpecial Operations Clone Trooper,
Jet Venim,Nosaurian,Male,,Racer,,
Jimba,Patitite,Female,Patitite Pattuna,Scout/warrior,Hay-Zu,
Qui-Gon Jinn,Human (Coruscanti),Male,Coruscant,Jedi Master,Jedi OrderGalactic Republic,
Jinx,Twi'lek,Male,Ryloth,Jedi Youngling,RepublicJedi Order,
Jiro,Weequay,Male,Florrum,Pirate,Ohnaka GangDarth Maul (temporary),
Joseph,Bardottan,Male,Bardotta,Dagoyan Master,Dagoyan Order,
Joy,,Female,Wellspring of Life,Priestess,Five Priestesses,
Juhm,Muun,Male,Muunilinst,Separatist overseer,CIS,
Julia,Bardottan,Female,Bardotta,Queen,Dagoyan Order,
Bruu Jun-Fan,Human,Male,,Jedi Master,Jedi Order,
Jen June,Pau'an,Female,Utapau,Police Inspector,Separatists,
Thongla Jur,Anx,Male,Gravlex Med,Jedi Knight,Jedi Republic,
K'Kruhk,Whiphid,Male,Toola,Jedi General,"Jedi Order, Galactic Republic",
K-9X1,Droid,Masculine programming,Unknown,Lurca hound caretaker,Galactic Empire,
K0-5D,,,,,,
K2-B4,Droid,Feminine Programming,Baktoid Prime,Commander,Separatists,
Tee Watt Kaa,Lurmen,Male,Mygeeto,Chieftain,Lurmen village,
Kalani,Super Tactical Droid,Masculine programming,Agamar,General,CIS,
Kalifa,Human (Corellian),Female,Corellia,Jedi Youngling,Jedi Order,
Kamu,Mahran,Male,Mahranee,,Ashu,
Kane,Nikto,Male,,Racer,,
Kano,Human (Clone),Male,Kamino,Sergeant,Galactic Republic,
Kidd Kareen,Twi'lek,Male,Tatooine,Pod racer,Pod Racing,
Karina the Great,Geonosian,Female,Geonosis,Hive Queen,CIS,
Karis,Zabrak (Dathomirian),Female,Dathomir,,Nightsisters,
Rook Kast,Human,Female,Mandalore,,Shadow CollectiveMandalorian Super Commando,
Katooni,Tholothian,Female,Tholoth,Jedi Youngling,Jedi OrderRepublic,
Katuunko,Toydarian,Male,Toydaria,King of Toydaria,Toydarian kingdomToydarian ministry councilToydarian Royal DelegationGalactic RepublicGalactic Senate,
Coleman Kcaj,Ongree,Male,Skustell,Jedi General,Jedi OrderGalactic Republic,
Keeli,Human (Clone),Male,Kamino,Captain,Galactic RepublicGrand Army of the Republic,
Obi-Wan Kenobi,Human,Male,Stewjon,Jedi MasterHigh Jedi General,Jedi OrderGalactic Republic,
Kesivo,,Male,,Unknown,,
Ketch,Weequay,Male,,,,
Kharrus,Gran,Male,Kinyen,Senator,Galactic Republic,
Kickback,Human (Clone),Male,Kamino,Blue Four,Republic,
Shoan Kilian,Human,Male,Corellia,Admiral,Galactic RepublicRepublic Navy,
Killer,Human (Clone),Male,Kamino,Clone trooper pilot,Galactic RepublicGrand Army of the Republic,
Kinash Lock,Twi'lek,Male,,Majordomo,Yaruba Family of Kessel,
Kirraa,Human,Female,Unknown,Escaped slave,Jedi,
Kix,Human (Clone),Male,Kamino,Medic,Republic501st Legion,
Farn Klin,Unidentified,Male,Unknown,Jedi Youngling,JediRepublic,
Knox,Nautolan,Male,Glee Anselm,Jedi Padawan,Galactic RepublicJedi Order,
Koho,Human (Clone),Male,Kamino,Clone trooper,Galactic RepublicGrand Army of the Republic,
Agen Kolar,Zabrak (Iridonian),Male,Iridonia,Jedi Master,Galactic RepublicJedi Order,
Yos Kolina,Mon Calamari,Male,Dac,King,Republic,
Plo Koon,Kel Dor,Male,Dorin,Jedi MasterHigh Jedi General,Jedi OrderJedi High CouncilGalactic Republic104th Battalion,
Kosmos,Human (Clone),Male,Kamino,Clone Trooper,Galactic Republic,
Eeth Koth,Zabrak (Iridonian),Male,Nar Shaddaa,Jedi MasterHigh Jedi General,Jedi OrderJedi High CouncilGalactic RepublicGAR,
Kraken,Super Tactical Droid,Masculine programming,Baktoid Prime,Commander,CIS,
Pong Krell,Besalisk,Male,Ojom,Jedi Master (formerly)Jedi General (formerly),Jedi Order (formerly)Republic (formerly),
Marg Krim,Pyke,Male,,Pyke Syndicate leader,Pyke SyndicateShadow Collective,
Krix,Trandoshan,Male,,,Garnac,
KRONOS-327,IG-86 Sentinel Droid,Masculine Programming,Holowan,Assassin droid,Ziro the Hutt,
Krutch,,Male,,Gladiator,The Cauldron,
Bo-Katan Kryze,Human,Female,Mandalore,LadyLieutenant (formerly)Leader of Nite OwlsRegent of Mandalore (temporary),House KryzeClan KryzeDeath Watch (formerly)Shadow Collective (formerly)Nite OwlsMandalore resistance,
Korkie Kryze,Human,Male,Mandalore,Student,House KryzeClan KryzeNew Mandalorians,
Satine Kryze,Human,Female,Kalevala,Duchess of Mandalore,House KryzeClan KryzeNew MandaloriansGalactic RepublicCouncil of Neutral Systems,
Kerch Kushi,,Male,,Senator,SeparatistsSeparatist CongressPeace Faction,
Kulltu Kutta,,Male,,Gladiator,The Cauldron,
L8-L9,,Masculine programming,,Gladiator,TaggeCo,
Lagon,Trandoshan,Male,Trandosha,,Garnac,
Lagos,Human,Female,Mandalore,Student,New Mandalorians,
Lanse Crowder,,Male,,Crime boss,,
Bec Lawise,Siniteen,Male,Mileva,SenatorCongress leader,SeparatistsSeparatist CongressPeace Faction,
Cut Lawquane,Human (Clone),Male,Kamino,Clone Trooper (formerly) Farmer,Republic (formerly) GAR (formerly)Lawquane Farm,
Jek Lawquane,Human/Twi'lek,Male,Saleucami,Child,Lawquane Farm,
Shaeeah Lawquane,Human/Twi'lek,Female,Saleucami,Child,Lawquane Farm,
Suu Lawquane,Twi'lek,Female,Saleucami,Farmer,Lawquane Farm,
Lazlo,Duros,Male,,Criminal,Lazlo's gang,
Lee-Char,Mon Calamari,Male,Dac,Prince (formerly)King,Mon CalaRepublic,
Tiggs Leo,Volpai,Male,Coruscant,Bartender,Moshi Bar,
LEP-171B,,,,,,
LEP-86C8,,,,,,
LEP-96M3,,,,,,
Clu Lesser,Muun,Male,Scipio,Banker,IGBC Core Five,
Lika,Terrelian Jango Jumper,Female,Terrelia,,Unknown,
Lo-Taren,Trandoshan,Male,Trandosha,Hunter,Hunting Guild,
Whorm Loathsom,Kerkoiden,Male,Kerkoidia,General,Separatists,
Lock,Human (Clone),Male,Kamino,Captain,Galactic RepublicHorn Company,
Lock (Breakout Squad),Human (Clone),Male,Kamino,Clone Captain,Galactic RepublicGrand Army of the RepublicBreakout Squad,
Longshot,Human (Clone),Male,Kamino,Clone Trooper,Grand Army of the Republic212th Attack Battalion,
Rish Loo,Gungan,Male,Naboo,Minister,Gungan SocietySeparatists,
Loubo,Unknown,Male,Stobar,Diner Owner,Plop Dribble's,
Luce,Zabrak (Dathomirian),Female,Dathomir,,Nightsisters,
Lucky,Human (Clone),Male,Kamino,Clone trooper,Galactic RepublicGrand Army of the Republic,
Lunker,Gungan,Male,Naboo,Security captain,Gungan society,
Lunn,Human (Clone),Male,Kamino,Clone trooper,Grand Army of the Republic501st LegionTorrent Company,
Lyana Hazard,Human,Female,,,,
Lyco Strata,Human,Male,,Jedi Padawan,Jedi Order,
Lyonie,Gungan,Male,Naboo,Boss,Gungan High CouncilGalactic RepublicConfederacy of Independent Systems (unwittingly/unknowingly; formerly),
M5-BZ,,Masculine programming,,,Jedi OrderTera SinubeGalactic RepublicD-Squad,
Ma'kis,Nikto,Male,,Jedi General,Jedi OrderGalactic Republic,
Mack,Human (Clone),Male,Kamino,Pilot,Galactic RepublicCoruscant Guard,
Mag,Human Clone,Male,Kamino,Commander,Galactic Republic,
Mama the Hutt,Hutt,Hermaphrodite (feminine personality),Nal Hutta,,Desilijic kajidicHutt Clan,
Manchucho,Aleena,Male,Aleen,King,Galactic Republic,
Mann,Human,Male,,Captain,Galactic EmpireImperial Army,
Mantoid,,,,Gladiator,The Cauldron,
Mantu,Selkath,Male,Manaan,Bounty Hunter,CIS (Hired),
Tutso Mara,Unknown,Male,,Jedi,Jedi Order,
Ione Marcy,Salenga,Female,Coruscant,CriminalThief,,
Marlo,Hutt,Hermaphrodite (masculine personality),Nal Hutta,,Qunaalac kajidicHutt ClanHutt Grand Council,
Marrok,Anooba,Male,Tatooine,Pet/Hunter,Embo,
Marrok (Inquisitor),,Male,,Inquisitor,Galactic EmpireInquisitorius,
Rafa Martez,Human,Female,Coruscant,,Pyke Syndicate,
Trace Martez,Human,Female,,Pilot,Pyke Syndicate (briefly),
Marwigo,WA-7 service unit,Feminine Programming,Stobar,Waitress,Plop Dribble's,
Matchstick,Human (Clone),Male,Kamino,Fighter Pilot,Republic,
Darth Maul,Zabrak (Dathomirian),Male,Dathomir,Sith Lord,NightbrothersSith OrderShadow CollectiveDeath Watch (briefly),
San Maxus,Devaronian,Male,Unknown,Separatist Spy,CIS,
Mayday,Human (Clone),Male,Kamino,Clone Commander,Galactic EmpireImperial Army,
Maylur,Human,Male,,Lieutenant,Galactic Empire,
Jasper McKnives,Kajain'sa'Nikto,Male,Kintan,Gladiator,Cult of M'dweshuuThe Cauldron,
Barb Mentir,Weequay,Male,,,Himself,
Tal Merrik,Human,Male,Kalevala,Senator (formerly),Galactic Republic (formerly)Galactic Senate (formerly)Council of Neutral Systems (formerly)Death WatchSeparatists,
MF-80,Protocol Droid,Feminine Programming,Nal Hutta,Translator,Gardulla the Hutt,
Nim Mindbend,Siniteen,Male,Unknown,Criminal,None,
Teckla Minnau,Human (Naboo),Female,Naboo,Handmaiden,Naboo,
Mirax,Kajain'sa'Nikto,Male,Unknown,Slave,CIS,
Mixer,Human (Clone),Male,Kamino,Clone trooper,Galactic Republic501st Legion,
Ziton Moj,Falleen,Male,Falleen,Captain,Black SunShadow Collective,
Katt Mol,Snivvian,Male,Cadomai Prime,Unknown,Unknown,
Atai Molec,Zygerrian,Male,Zygerria,Prime Minister of ZygerriaCaptain of the Zygerrian royal guard,Zygerrian Slave EmpireZygerrian Slavers GuildConfederacy of Independent Systems,
Voolvif Monn,Shistavanen,Male,Uneva Prime,Jedi General,Jedi Order,
Monnk,Human (Clone),Male,Kamino,Commander,Galactic RepublicGrand Army of the Republic,
Morai,Convor,Female,,,DaughterAhsoka Tano,
Morgan Elsbeth,Dathomirian,Female,Dathomir,Nightsister,NightsistersGalactic EmpireImperial Navy,
Morgo,Selkath,,,,,
Morley,Anacondan,Male,Lotho Minor,Scavenger,Darth Maul,
Mon Mothma,Human (Chandrilan),Female,Chandrila,PoliticianSenatorRevolutionary leader,Galactic Republic (formerly)Galactic EmpireImperial Senate,
Foul Moudama,Talz,Male,Alzoc III,Jedi Master,Galactic RepublicJedi Order,
Nack Movers,Trandoshan,Male,Coruscant,Assassin,,
Mox,Human (Clone),Male,Kamino,Clone Cadet,Galactic RepublicGrand Army of the RepublicGalactic Empire (Formerly),
MR-T3,,,Coruscant,,Galactic RepublicGrand Army of the Republic,
Muchi,Rancor,Female,Ord Mantell,,Clone Force 99 (briefly)Cid (briefly)Bib Fortuna,
Pikk Mukmuk,Kowakian monkey-lizard,Male,Florrum,None,Ohnaka Gang,
Pilf Mukmuk,Kowakian monkey-lizard,Male,Florrum,None,Ohnaka Gang,
Ki-Adi-Mundi,Cerean,Male,Cerea,Jedi MasterJedi High General,Jedi OrderGalactic Republic,
Naa'leth,Zabrak (Dathomirian),Female,Dathomir,,Nightsisters,
Gha Nachkt,Trandoshan,Male,Trandosha,Scavenger,Separatists (briefly/hired),
Nadura,,,,,,
Puko Naga,,,,,,
Nak-il Tano,Togruta,Male,Shili,,Tano family,
Ky Narec,Human,Male,Unknown,Jedi Knight,Jedi OrderRepublic,
Nax,Human (Clone),Male,Kamino,Clone trooper,Galactic RepublicGrand Army of the Republic501st LegionTorrent Company,
Neebo,,Female,,Jedi Master,Jedi OrderGalactic Republic,
Neeyutnee,Human (Naboo),Female,Naboo,Queen,Royal House of NabooGalactic Republic,
Rig Nema,Halaisi,Female,Halais,Medics of the Jedi Order,Jedi OrderRepublic,
Nemec,Human (Clone),Male,Kamino,Clone Trooper,Galactic RepublicGrand Army of the RepublicClone Underground,
Neyo,Human (Clone),Male,Kamino,Clone Marshal Commander,RepublicGrand Army of the Republic91st Reconnaissance Corps,
Nilim Bril,Twi'lek,Male,Ryloth,,NumaTwi'leks,
Nilo,Rodisar,Male,Rodis,General (formerly)Gladiator,Rattakki war baronsThe Cauldron,
Niner,Human (Clone),Male,Kamino,Clone trooper,Galactic RepublicGrand Army of the Republic,
Niro,,,,,,
Nolan,Human,Male,,Lieutenant,Galactic EmpireImperial Army,
Novitz,Human,Male,,Lieutenant,Galactic EmpireImperial Army,
Jocasta Nu,Human (Coruscanti),Female,Coruscant,Chief Librarian of the Jedi Archives,Jedi OrderRepublic,
Nub,Human (Clone),Male,Kamino,Clone Trooper,Galactic Republic/Grand Army of the Republic,
Numa,Twi'lek,Female,Ryloth,None,Twi'leks,
O'Niner,Human (Clone),Male,Kamino,Sergeant,Galactic RepublicGrand Army of the Republic,
O-Mer,Cerean,Male,Cerea,Jedi Youngling,Jedi OrderRepublic,
O.M.5,,,,,,
Odd Ball,Human (Clone),Male,Kamino,Clone pilot,Galactic Republic/Grand Army of the Republic,
Barriss Offee,Mirialan,Female,Mirial,Jedi Padawan (formerly)Jedi Commander (formerly)Inquisitor (formerly)Healer,Jedi Order (formerly)Galactic Republic (formerly)Grand Army of the Republic (formerly)Galactic Empire (formerly)Inquisitorius (formerly),
Hondo Ohnaka,Weequay,Male,Sriluur,Pirate,Ohnaka Gang,
Okalin,Bivall,Male,Onderon,Advisor,Royal Court of OnderonSeparatists,
Nyx Okami,Human,Male,,,,
Oked,Unknown,Male,Unknown,Bounty hunter,Boba Fett's Syndicate,
Eekar Oki,Mon Calamari,Male,Dac,Jedi Knight,Jedi OrderRepublic,
Olly,,Masculine programming,,,,
OM 5,,,,,,
OM 7,,,,,,
Omega,Human (Clone),Female,Kamino,,Kaminoans (Formerly)Clone Force 99,
Onca,Ithorian,Male,Ithor,Bounty Hunter,CIS (Hired),
OOM-10,Droid,Masculine programming,Ord Lithone,Commander DroidPilot Droid,Separatists (Formerly) RepublicR2-D2,
OOM-87,B1 Battle Droid,Masculine programming,,Battle Droid,Confederacy of Independent Systems,
Savage Opress,Zabrak (Dathomirian),Male,Dathomir,Dark Side Acolyte (self proclaimed),NightbrothersNightsisters (formerly)Sith OrderSeparatists (formerly)Shadow Collective,
Bail Organa,Human (Alderaanian),Male,Alderaan,Viceroy of AlderaanPoliticianSenatorResistance movement leader,Elder HousesHouse of OrganaAlderaanian monarchyGalactic Republic (formerly)Galactic EmpireImperial SenateBail Organa's resistance movement,
Leia Organa,Human (Alderaanian),Female,"Polis Massa, raised on Alderaan",Princess of AlderaanHeir apparent of the Alderaanian monarchyPoliticianSenator of Alderaan,Elder HousesHouse of OrganaAlderaanian monarchyGalactic EmpireImperial SenateBail Organa's resistance movement,
Orphne,Sollux,Female,Aleen,None,Aleen Underworld,
Orson Krennic,Human,Male,Lexrul,Commander,Galactic RepublicRepublic MilitaryGalactic EmpireImperial High Command,
Oruba the Hutt,Hutt,Hermaphrodite (masculine personality),Nal Hutta,Crime lord,Gorensla kajidicHutt ClanHutt Grand Council,
Ox,Human (Clone),Male,Kamino,Private,Republic,
Oz,Human (Clone),Male,Kamino,Clone Trooper,Galactic RepublicGrand Army of the Republic501st LegionTorrent Company,
Pablo,Rodian,Male,Nal Hutta,Shop ownerSalesman,None,
Roo-Roo Page's mother,Gungan,Female,Naboo,Mother of Roo-Roo Page,Jan-gwa city,
Roo-Roo Page,Gungan,Female,Naboo,None,Her mother,
Darth Sidious,Human (Naboo),Male,Naboo,"Dark Lord of the SithSenator of Naboo (formerly)Supreme Chancellor of the Galactic Republic (formerly)Leader of the Confederacy of Independent Systems (secretly, formerly)Emperor of the Galactic Empire",Sith OrderGalactic Republic (formerly)Confederacy of Independent Systems (formerly)Galactic Empire,
Pantoran Assembly Representative,Pantoran,Male,Pantora,Representative,"Galactic Republic, Pantora",
Papa the Hutt,Hutt,Hermaphrodite (masculine personality),,,Desilijic kajidicHutt Clan,
Papanoida,Pantoran,Male,Pantora,Chairman of PantoraBaronPolitician,Pantoran AssemblyGalactic Republic,
Chi Eekway Papanoida,Pantoran,Female,Pantora,Senator of Pantora (at the end of the Clone Wars),Pantoran AssemblyGalactic RepublicGalactic Senate,
Ion Papanoida,Pantoran,Male,Pantora,,Pantoran AssemblyGalactic Republic,
Rumi Paramita,Frenk,Female,Gorobei,Bounty Hunter,Sugi's Group,
Cato Parasitti,Clawdite,Female,Zolan,Bounty Hunter,Highest bidder,
Parsel,Weequay,Male,Sriluur,Pirate,Ohnaka Gang,
Zinn Paulness,Human,Male,,Senator,Galactic RepublicGalactic SenateCouncil of Neutral Systems,
Pav-ti Tano,Togruta,Female,Shili,,Tano family,
Pearce,,,,,,
Peteen,Bardottan,Male,Bardotta,High Seneschal,Frangawl Cult,
Petro,Human (Corellian),Male,Corellia,Jedi Youngling,Jedi OrderRepublic,
Phee Genoa,Human,Female,,Pirate,,
Philo,Gran,Male,Kinyen,Senator,Republic,
Even Piell,Lannik,Male,Lannik,Jedi High General,RepublicJedi Order,
Pieter,Ming Po,Male,Carlac,Chieftain,Ming Po,
Peg Leg Piit,Weequay,Female,Sriluur,Pirate,Ohnaka Gang,
Pintu Son-El,Moyn,Male,,CriminalMoneylender,,
Mak Plain,Muun,Male,Muunilinst,Representative,InterGalactic Banking Clan,
Spots Podal,Gotal,Male,Coruscant,None,None,
Poggle the Lesser,Geonosian,Male,Geonosis,Archduke of GeonosisMember of CIS,Geonosian IndustriesCIS,
Ponds,Human (Clone),Male,Kamino,Commander,Galactic RepublicLightning Squadron91st Reconnaissance Corps,
Preigo,Dug,Male,Malastare,Ringmaster,Preigo's Traveling World of Wonder,
Prison Creature (Mortis),,,,,,
Pulsar,Human (Clone),Male,Kamino,Clone Sergeant,Galactic Republic,
Punch,Human (Clone),Male,Kamino,Clone Trooper,Galactic RepublicSlick's platoon,
Lolo Purs,Rodian,Female,Rodia,Aide,Galactic Republic,
Lom Pyke,Pyke,Male,Oba Diah,Leader of the Pyke Syndicate (formerly)Spice dealer (formerly),Pyke SyndicateShadow Collective (formerly),
QT-KT,,Feminin programming,,,Jedi OrderAayla SecuraGalactic RepublicD-Squad,
Quasar,Monster droid (B1 Battle Droid/3PO Protocol Droid hybrid),Masculine programming,,Racer,,
R2-D2,,Masculine programming,Naboo,,Royal House of NabooJedi OrderAnakin SkywalkerGalactic RepublicC-3POD-Squad,
R2-J8,,Masculine programming,,,Galactic RepublicRepublic NavyShadow Squadron,
R2-KT,,Feminine programming,,,Galactic Republic501st LegionRepublic Navy,
R3-D5,,,,,Galactic RepublicJedi OrderSaesee Tiin,
R3-S6,,Masculine programming,Nubia,,SeparatistsGalactic Republic (as spy),
R4-C4,,,,,,
R4-P17,,Feminine programming,,,Jedi OrderObi-Wan KenobiGalactic Republic,
R4-P22,,Feminine programming,,,Jedi OrderAnakin SkywalkerGalactic Republic,
R5-L26,,,,,Galactic Republic,
R5-S9,,,,,Galactic Republic,
R6-H5,,Male,,,Jedi OrderKit FistoGalactic Republic,
R7-A7,,Masculine programming,,,Jedi OrderAhsoka TanoGalactic RepublicMartez sisters,
R7-D4,,Masculine programming,,,Jedi OrderPlo KoonGalactic Republic,
R8-26,,,,,,
R8-B7,,,,,Jedi OrderMace WinduGalactic Republic,
R9-D9,,Masculine programming,,,Separatists,
Mot-Not Rab,Tarnab,Male,Unknown,Senator,RepublicGalactic Senate,
Rakshu,Mahran,Female,Mahranee,,Ashu,
Ramy,,,,,,
Oppo Rancisis,Thisspiasian,Male,Thisspias,Jedi Master,Galactic RepublicJedi Order,
Raney,Zygerrian,Male,Ord Mantell,,Zygerrian Slavers,
Sanjay Rash,Human (Onderonian),Male,Onderon,King of Onderon (formerly),Royal Court of OnderonSeparatists,
Raspar Six,Sullustan,Male,,Depot Manager,Ro station,
Ratter,Trandoshan,Male,Trandosha,Hunter,Hunting Guild,
Razor,Human (Clone),Male,Kamino,ARF TrooperUnknown,Galactic RepublicLightning Squadron,
Latts Razzi,Theelin,Female,Korbori,Bounty Hunter,Hutt ClanBoba Fett's Syndicate,
RB-551,B1 battle droid,Masculine Programming,Unknown,Battle Droid,Separatists,
Red Leader (Muunlist),Human,Male,Kamino,Clone Trooper Pilot,Galactic Republic,
Redeye,Human (Clone),Male,Kamino,Unknown,Galactic Republic501st Legion,
Revan,Human,Male,Somwhere in the Outer Rim,Jedi MasterSith Lord,Jedi OrderOld RepublicSith Order,
Rex,Human (Clone),Male,Kamino,Clone CaptainClone Commander (Promoted; later demoted),Galactic RepublicGAR501st LegionTorrent Company332nd CompanyClone Underground,
RG-G1,,,,,Galactic RepublicJedi OrderAhsoka Tano,
Ridge,Human (Clone),Male,Kamino,Clone Trooper,Galactic RepublicGrand Army of the Republic501st LegionTorrent Company332nd Company,
Rigosso,Belugan,Male,Quarzite,MajorMilitary officer,Otua BlankBelugan guards,
Punn Rimbaud,Unknown,Female,,Senator,SeparatistsSeparatist CongressWar Faction,
Ringo,Human (Clone),Male,Kamino,Clone trooper,Galactic RepublicGrand Army of the Republic501st LegionTorrent Company,
RO-Z67,Droid,Feminine programming,Unknown,Nanny droid,Sith,
Kin Robb,Human,Female,Taris,Senator,Galactic RepublicGalactic SenateCouncil of Neutral Systems,
Robonino,Patrolian,Male,Unknown,Bounty Hunter,SeparatistsCad Bane,
Rod,Human (Clone),Male,Kamino,Clone trooper pilot,Galactic RepublicGrand Army of the RepublicRed Squadron,
Roland Durand,Devaronian,Male,,,Pyke Syndicate (briefly)Durand crime familyDurand's Council,
Dantum Roohd,Human,Male,,Senator,Galactic RepublicGalactic SenateCouncil of Neutral Systems,
Bolla Ropal,Rodian,Male,Rodia,Jedi,Jedi Order,
Rotta,Hutt,Hermaphrodite,Tatooine,,Desilijic kajididcJabba the Hutt,
Royce Hemlock,Human,Male,,Doctor,Galactic RepublicRepublic Science Corps (formerly)Galactic EmpireImperial Cloning Program,
Patrok Ru-Saxon,Human,Male,Mandalore,Captain,House Vizsla (presumably)Clan SaxonNew MandaloriansMandalorian Guard,
Ruby,Lizard,Female,Ord Mantell,,OmegaRoland Durand,
Rukh,Noghri,Male,Honoghr,Assassin,Galactic EmpireThrawn,
Russo-ISC,Droid,Masculine programming,,Crime Scene Analyzer,Jedi Order,
Rys,Human (Clone),Male,Kamino,Unknown,Galactic RepublicCoruscant Guard,
Gume Saam,Ishi Tib,Male,Tibrin,Senator,Techno UnionGalactic RepublicGalactic SenateSeparatists (secretly),
Sabo,Weequay,Male,Florrum,Pirate Lieutenant,Ohnaka Gang,
Sadness,,Female,Wellspring of Life,Priestess,Five Priestesses,
Sami,Pantoran,Female,,Test Subject,Galactic Empire (unwillingly),
Samson,Human (Clone),Male,Kamino,Clone Trooper,Galactic RepublicGrand Army of the RepublicClone Underground,
Sassi,Human,Female,Stobar,Waitress,Plop Dribble's,
Savatte,Bardottan,Male,Bardotta,Guard,Dagoyan Order,
Gar Saxon,Human,Male,Mandalore,CommanderViceroy & Governor of Mandalore,House VizslaClan SaxonShadow CollectiveMandalorian Super CommandoGalactic Empire,
Scalder,Human,Female,,Medical Officer,Galactic EmpireAdvanced Science Division,
Miraj Scintel,Zygerrian,Female,Zygerria,Queen of Zygerria (formerly),Zygerrian Slave EmpireConfederacy of Independent Systems,
Scorch,Human (Clone),Male,Kamino,Clone CommandoCommander,Galactic RepublicDelta SquadGalactic EmpireImperial Army,
Scythe,Human (Clone),Male,Kamino,Grand Army of the RepublicTango Company,,
SD-357,Spaceport police droid,Masculine programming,Unknown,Security Droid,InterGalactic Banking Clan,
Nala Se,Kaminoan,Female,Kamino,Medical Technician,Galactic Republic,
Aayla Secura,Twi'lek (Rutian),Female,Ryloth,Jedi MasterSenior Jedi General,Jedi OrderGalactic Republic327th Star Corps,
Tarr Seirr,Cerean,Male,Cerea,Jedi Knight,Jedi OrderGalactic Republic,
Serenity,,Female,Wellspring of Life,Priestess,Five Priestesses,
Seripas,Ssori,Male,Ssori Fragments,Bounty Hunter,Sugi's groupRepublic,
Sev,Human (Clone),Male,Kamino,Clone Commando,Galactic RepublicDelta Squad,
SG-1984,Human,Male,Coruscant,Senate Guard,RepublicSenate Commando,
Shadow Twelve,Human (Clone),Male,Kamino,Clone Trooper Pilot,Grand Army of the Republic,
Fennec Shand,Human,Female,,Bounty hunter,Hutt Clan,
Shep Hazard,Human,Male,,Mayor,,
Shiv,Human (Clone),Male,Kamino,Clone trooper,GARGalactic Republic,
Sifo-Dyas,Human,Male,Minashee,Jedi Master,Jedi OrderGalactic Republic,
Silman,Human (Coruscanti),Male,Coruscant,Aide (formerly),Galactic Republic (formerly),
Silood,Rodian,Male,Rodia,Senatorial aide,Galactic Republic,
Silver,Human (Clone),Male,Kamino,Clone Naval Officer,Galactic Republic,
Aurra Sing,Palliduvan,Female,Nar Shaddaa,Jedi Padawan (formerly)Bounty Hunter,Jedi Order (formerly)Galactic Republic (formerly)Hutt Clan (hired)Krayt's Claw,
Sinker,Human (Clone),Male,Kamino,Sergeant,Galactic RepublicWolfpack,
Sinrich,Snivvian,Male,Cadomai Prime,Bounty Hunter,CIS (Hired),
Tera Sinube,Cosian,Male,Cosia,Jedi Master,Jedi OrderGalactic Republic,
Sai Sircu,,,,,,
Sixtat,Sakiyan,Male,Saki,Bounty hunter,CIS (Hired),
Sketch,Human (Clone),Male,Kamino,Clone Trooper,Galactic RepublicSlick's platoon,
Anakin Skywalker,Human,Male,Tatooine,Slave (formerly)Jedi Padawan (formerly)Jedi Knight (formerly)Jedi General (formerly)Member of the Jedi High Council (formerly)Sith LordSecond Dark Lord of the SithCommander-in-Chief of the Imperial Military,Jedi Order (formerly)Jedi High Council (formerly)Galactic Republic (formerly)Grand Army of the Republic501st LegionSithGalactic EmpireImperial MilitaryImperial High CommandImperial Ruling Council,
Luke Skywalker,Human,Male,Tatooine,Moisture farmer (until 0 BBY)Jedi Knight,Skywalker familyLars familyLars moisture farm,
Shmi Skywalker,Human,Female,Tatooine,Slave (formerly)Moisture farmer,Gardulla the Hutt (formerly) Watto's shop (formerly),
Slammer,Human (Clone),Male,Kamino,Clone Trooper Pilot,Grand Army of the Republic,
Slick,Human (Clone),Male,Kamino,Sergeant,Separatists,
Slip,Human (Clone),Male,Kamino,Clone Trooper,Galactic RepublicGrand Army of the RepublicGalactic EmpireImperial Army,
Smug,Trandoshan,Male,Trandosha,Hunter,Hunting Guild,
Sy Snootles,Pa'lowick,Female,Lowick,SingerMercenary,Hutt Clan,
Morlimur Snugg,Snivvian,Male,Cybloc XII,Manager,IGBC,
Osi Sobeck,Phindian,Male,Phindar,General,Separatists,
Sochek,Trandoshan,Male,Trandosha,Hunter,Hunting Guild,
Krismo Sodi,Kage,Male,Quarzite,Leader of the Kage Warriors,Kage Warriors,
Pluma Sodi,Kage,Female,Quarzite,,Kage Warriors,
Son,Force wielder,Male,Unknown planet (Original)Mortis (Adopted),Incarnation of the Dark Side of the Force,The OnesFatherDaughter,
Soniee,Human,Female,Mandalore,Student,New Mandalorians,
Spark,Human (Clone),Male,Kamino,Clone Stealth Trooper,Galactic Republic,
Stak,Human (Clone),Male,Kamino,ARF Trooper,Galactic RepublicLightning Squadron,
Stak (cadet),Human (Clone),Male,Kamino,Clone Cadet,Galactic RepublicGrand Army of the RepublicGalactic Empire (Formerly),
Stek,Human (Clone),Male,Kamino,Adavnced Recon Commando,RepublicGrand Army of the RepublicMuunilinst 10,
Sterling,Human (Clone),Male,Kamino,Clone Trooper,Galactic RepublicGAR501st Legion332nd Company,
Stone,Human (Clone),Male,Kamino,Clone Commander,Galactic RepublicGARCoruscant Guard,
Stonk,,,,,,
Lama Su,Kaminoan,Male,Kamino,Prime Minister,Galactic RepublicGrand Army of the RepublicKaminoanSith,
Sugi,Zabrak (Iridonian),Female,Iridonia,Bounty hunter,Sugi's groupHutt ClanRepublic,
Kiera Swan,Weequay,Female,Sriluur,Bounty HunterPirate (Former),CIS (Hired),
Swoop,Human (Clone),Male,Kamino,Pilot,Republic,
Swyy'm-Ee,Trogodile,Male,Rattatak,Gladiator,The Cauldron,
Sylar Saris,,Male,,Bounty Hunter,Haxion Brood (formerly),
Paxi Sylo,Human,Male,Dantooine,Child,Republic,
Cham Syndulla,Twi'lek,Male,Ryloth,Freedom Fighter,RylothGalactic RepublicGalactic Empire (briefly),
TA-1313,Droid,Masculine programming,,Tactical Droid,Confederacy of Independent Systems,
TA-175,Droid,Masculine programming,,Tactical Droid,Confederacy of Independent Systems,
Orn Free Taa,Twi'lek (Rutian),Male,Ryloth,Senator,Galactic Republic (formerly)Galactic EmpireImperial Senate,
Tag,Human (Clone),Male,Kamino,Clone Trooper Pilot,RepublicRepublic NavyShadow Squadron,
Taggart,Human,Male,Coruscant,Captain,RepublicSenate Commando,
Talia,Zabrak (Dathomirian),Female,Dathomir,,Nightsisters,
Talzin,Zabrak (Dathomirian),Female,Dathomir,Clan Mother & leader of the NightsistersWitch,Nightsisters,
Wat Tambor,Skakoan,Male,Skako,Foreman of the Techno Union (formerly)Minister (formerly)Member of the Separatist Council (formerly)Emir of Ryloth (formerly)Executive of the Baktoid Armor Workshop (formerly),Techno Union (formerly)Confederacy of Independent Systems (formerly)Separatist Council (formerly),
Riff Tamson,Karkarodon,Male,Karkaris,Commander,Separatists,
Akenathen Tandin,Human (Onderonian),Male,Onderon,GeneralFreedom fighter,Royal Court of OnderonRoyal Onderon MilitiaSeparatists (formerly)Onderon RebelsGalactic Republic,
Ahsoka Tano,Togruta,Female,Shili,Jedi Padawan (formerly)Jedi Commander (formerly),Jedi Order (formerly)Galactic Republic (formerly)Nite Owls,
Tarfful,Wookiee,Male,Kashyyyk,Wookiee solder,Kashyyyk/ Jedi Order,
Wilhuff Tarkin,Human,Male,Eriadu,Grand MoffCaptain (formerly)Admiral (formerly),Galactic Republic (formerly)Republic Navy (formerly)Galactic Empire,
Tarkov,Wookiee,Male,Kashyyyk,Woodsmith,Galactic Republic,
Roos Tarpals,Gungan,Male,Naboo,Captain,Gungan societyGungan Grand ArmyRepublic,
Zug Tassik,Trandoshan,Male,Trandosha,Criminal,Unknown,
Tawni Ames,Human,Female,Desix,Governor,Confederacy of Independent Systems,
TAY-0,Protocol Droid,Masculine programming,,Racer,,
TB-2,Droid,Masculine Programming,Coruscant,Medical Droid,Republic,
TC-70,Protocol Droid,Feminine programming,Tatooine,Translator,Jabba the Hutt,
Tech,Human (Clone),Male,Kamino,Clone CommandoTechnician,RepublicClone Force 99,
Teegu,Mahran,Female,Mahranee,,Ashu,
Finn Tegotash,Weequay,Male,Florrum,Pirate,Ohnaka Gang,
Nils Tenant,Human,Male,,Rear Admiral,Galactic RepublicRepublic Navy,
Kul Teska,,,,,,
Tey-Zuka,Super Tactical Droid,,,Droid Commander,Confederacy of Independent Systems,
TF-1726,Droid,Masculine programming,,Tactical Droid,Confederacy of Independent Systems,
Rang Thang,Vonomi,Male,Nal Hutta,DJ,Hutt Grand Council,
The Grand Inquisitor,Pau'an,Male,Utapau,Grand Inquisitor,Jedi Order (formerly)Jedi Temple Guard (formerly)Galactic EmpireInquisitorius,
Thi-Sen,Talz,Male,Orto Plutonia,Tribal Chief,Talz,
Thire,Human (Clone),Male,Kamino,Clone LieutenantShock Trooper,Galactic RepublicGARCoruscant Guard,
Thorn,Human (Clone),Male,Kamino,Commander,Galactic RepublicCoruscant Guard,
Thrawn,Chiss,Male,Rentor,Admiral,Galactic EmpireImperial Navy,
Threepwood,Human (Clone),Male,Kamino,Clone trooper,RepublicGAR212th,
Shaak Ti,Togruta,Female,Shili,Jedi MasterHigh Jedi General,Jedi OrderJedi High CouncilGalactic RepublicGAR,
TI-99,Droid,Masculine programming,,Tactical Droid,Confederacy of Independent Systems,
Saesee Tiin,Iktotchi,Male,ktotch,Jedi MasterHigh Jedi General,Jedi OrderJedi High CouncilGalactic RepublicGAR,
Tikkes,Quarren,Male,Mon Cala,Separatist Councilor,Confederacy of Independent Systems,
Meena Tills,Mon Calamari,Female,Dac,Senator,RepublicGalactic Senate,
Hogan Tinmar,Human,Male,Naboo,Driver,Naboo,
Tiplar,Mikkian,Female,,Jedi MasterJedi General,Jedi OrderGalactic Republic,
Tiplee,Mikkian,Female,Mikkia,Jedi MasterJedi General,Jedi OrderGalactic Republic,
TJ-55,Droid,Masculine programming,,Tactical Droid,Confederacy of Independent Systems,
TJ-912,Droid,Feminine programming,,Commander,Confederacy of Independent Systems,
TM-171,Droid,Male Programming,None,Commander,Separatists,
TN-123,T-series tactical droid,Masculine programming,Unknown,Commander,Confederacy of Independent Systems,
Zinn Toa,Nautolan,Male,Glee Anselm,Youngling,None,
Todo 360,Droid,Masculine Programing,Vertseth,Techno-service droid,Cad Bane,
Omar Toggs,Rodian,Male,Rodia,Criminal,None,
Wag Too,Lurmen,Male,Maridun,Healer,Lurmen village,
Toomer,Human (Clone),Male,Kamino,Republic Clone Trooper,Galactic Republic,
TR-350,Droid,Masculine programming,,Tactical Droid,Confederacy of Independent Systems,
Tracer,Human (Clone),Male,Kamino,Clone Trooper Pilot,Galactic RepublicHunter Squadron,
Tracker,Human (Clone),Male,Kamino,Clone trooper,Galactic Republic,
Trap,Human (Clone),Male,Kamino,Lieutenant,Grand Army of the RepublicTango Company,
Trapper,Human (Clone),Male,Kamino,Clone trooper,Galactic RepublicGrand Army of the Republic,
Trauma,Human (Clone),Male,Kamino,ARF Trooper Commander,Galactic Republic,
Trench,Harch,Male,Secundus Ando,Admiral,CIS,
Tryla,Ming Po,Female,Carlac,Civilian,Ming Po town,
Tu-Anh,Human,Female,,Jedi Master,Jedi OrderGalactic Republic,
Tub,Lurmen,Male,Maridun,Villager,Lurmen Village,
Tucker,Human (Clone),Male,Kamino,Clone Trooper Pilot,Republic,
Tup,Human (Clone),Male,Kamino,Clone Trooper,Galactic Republic501st Legion,
Letta Turmond,Human (Coruscanti),Female,Coruscant,Criminal (briefly),,
Mar Tuuk,Neimoidian,Male,Neimoidia,Captain,Separatists,
TV-94,Tactical Droid,Male Porgramming,Baktoid Combat Automata,Tactical Droid,Separatists,
TV-94B,Droid,Masculine programming,,Tactical Droid,Confederacy of Independent Systems,
Twazzi,Frenk,Female,Gorobei,Bounty Hunter,CIS (Hired),
TX-20,Droid,Masculine programming,,Tactical Droid,Separatists,
TX-21,Droid,Male Programming,,Tactical Droid,Separatist,
Tynnra Pamlo,,,,,,
Gregar Typho,Human (Naboo),Male,Naboo,Security Guard,Galactic RepublicRoyal House of NabooNaboo Security Force,
TZ-33,Droid,Masculine programming,,Tactical Droid,Confederacy of Independent Systems,
U9-C4,,Masculine programming,,,Jedi OrderThongla JurGalactic RepublicD-Squad,
Luminara Unduli,Mirialan,Female,Mirial,Jedi MasterJedi General,Jedi OrderRepublic,
Unit 06,,,,,,
Unit 07,,,,,,
Unit 08,,,,,,
Unit 09,,,,,,
Unit 26,,,,,,
Nakha Urus,Dug,Male,Malastare,Leader of the Malastarian Council,Malastarian Council,
Tee Va,Moogan,Male,Mooga,Smuggler,Moogan smugglers,
Vadoo,Sakiyan,Male,,,,
Vaize,Human (Clone),Male,Kamino,Clone Trooper,Grand Army of the RepublicTorrent Company,
Vak Lako,Trandoshan,Male,,Criminal/thug,Lazlo's gang,
Finis Valorum,Human (Coruscanti),Male,Coruscant,Chancellor of the Galactic Republic (formerly)Senator,Galactic RepublicGalactic Senate,
Vaughn,Human (Clone),Male,Kamino,Clone Captain,Galactic RepublicGAR501st Legion332nd Company,
Nahdar Vebb,Mon Calamari,Male,Dac,Jedi Knight,Jedi OrderGalactic Republic,
Veetch,Human (Clone),Male,Kamino,Clone Trooper,Galactic EmpireImperial Army,
Asajj Ventress's mother,Zabrak (Dathomirian),Female,Dathomir,,Nightsisters,
Asajj Ventress,Zabrak (Dathomirian),Female,Dathomir,Slave(formerly)Jedi Padawan (formerly)Gladiator (formerly)Dark Side Acolyte(formerly)Assassin (formerly)Bounty hunter,NightsistersJedi Order (formerly)Sith (formerly)Separatists(formerly)Krayt's Claw (briefly),
Vik,Human (Clone),Male,Kamino,Clone Trooper,Galactic RepublicGrand Army of the RepublicClone Underground,
Nuvo Vindi,Faust,Male,Adana,Scientist,Perma familiesSeparatists,
Viscus,Zabrak (Dathomirian),Male,Dathomir,Leader of the Nightbrothers,Nightbrothers,
Pre Vizsla,Human,Male,Mandalore,Governor of Concordia (formerly)Leader of the Death Watch (formerly)Ruler of Mandalore (temporary),House VizslaClan VizslaNew Mandalorians (formerly)Shadow Collective (formerly)Death WatchSeparatists (formerly),
Dryden Vos,Near-human,Male,,Crime Lord,Shadow CollectiveCrimson Dawn,
Quinlan Vos,Kiffar,Male,Kiffu,Jedi MasterSith apprentice (formerly),Jedi OrderGalactic RepublicSith (formerly)Confederacy of Independent Systems (formerly)Hidden Path,
WAC-47,,Masculine programming,,,Galactic RepublicGrand Army of the Republic91st Reconnaissance CorpsCommander NeyoD-Squad,
Lauli Wahlo,Quarren,Male,Coruscant,"Noodle Shop owner, Black market dealer",Underworld of Coruscant,
Medcha Wanto,Talz,Male,Orto Plutonia,Talz,Talz Village,
Warthog,Human (Clone),Male,Kamino,Clone Trooper Pilot,Galactic RepublicHunter Squadron,
Waxer,Human (Clone),Male,Kamino,Clone Trooper/Platoon leader,212th Attack BattalionGhost Company,
Taun We,Kaminoan,Female,Kamino,,Kaminoans,
Bosso Weex,Zygerrian,Male,,,,
Wilco,Human (Clone),Male,Kamino,Clone Captain,Galactic EmpireImperial Army,
Mace Windu,Human,Male,Haruun Kal,Jedi MasterJedi General,Jedi OrderGalactic Republic,
Wing,,,,,,
Wolffe,Human (Clone),Male,Kamino,Clone Commander,Galactic RepublicGrand Army of the RepublicWolfpackGalactic EmpireImperial Army,
Wooley,Human (Clone),Male,Kamino,Clone Trooper,Grand Army of the Republic212th Attack BattalionGhost Company,
Wrecker,Human (Clone),Male,Kamino,Clone Commando,Galactic RepublicClone Force 99Galactic Empire (Briefly)Imperial Army (Briefly),
Ursa Wren,Human,Female,Krownest,"CountessWarrior, soldier",House VizslaDeath Watch (formerly)Nite Owls,
Yanna,,,,,,
Yaruba,,Male,,King of Kessel,Yaruba Family of Kessel,
Yoda,Unknown,Male,Unknown,Grand MasterHigh Jedi General,Jedi OrderGalactic Republic,
Yoda's kybuck,,,,,,
Wullf Yularen,Human (Coruscanti),Male,Coruscant,Admiral,Galactic RepublicRepublic Navy,
Z9,,Masculine programming,,,Galactic RepublicGrand Army of the RepublicJedi Order,
Zak,Human (Clone),Male,Kamino,Clone Naval Officer,Republic,
Erk Zallis,Ugnaught,Male,Gentes,Carbon Freezing expert,Republic,
Zatt,Nautolan,Male,Glee Anselm,Jedi Youngling,Jedi OrderRepublic,
Zak Zaz,Human,Male,Mandalore,Doctor,New Mandalorians,
Zeer,Human (Clone),Male,Kamino,Clone trooper,Galactic RepublicGrand Army of the Republic501st LegionTorrent Company,
Pune Zignat,,,,,,
Zillo Beast,,,,,,
Zygerrian auctioneer,Zygerrian,Male,Zygerria,Slave Auctioneer,Zygerrian Slave EmpireZygerrian Slavers Guild,
